Model,Train MAE,Train R2,Validation MAE,Validation R2,Test MAE,Test R2
LightGBM,0.30436626235677594,0.8627600460725804,0.33703195044830947,0.8307639880136901,0.36687340851553946,0.8195365797806631
XGBoost,0.34375279429764943,0.820657204933816,0.40306546622190154,0.7681736254410946,0.42071455619434983,0.7679365868840129
RandomForest,0.32169255309305844,0.8423449926581077,0.3920205397588883,0.7701954716020817,0.4262327267826049,0.76380300702724
SVR,0.26828351696476394,0.8589682739305721,0.30228983825667455,0.8467761268184717,0.34826062405712577,0.8213601098548675
kNN,0.0,1.0,0.3499749414398106,0.810862579610151,0.41234181502793293,0.7589388623817687
