Model,Train MAE,Train R2,Validation MAE,Validation R2,Test MAE,Test R2
LightGBM,0.3573757822709768,0.7680602392469495,0.39237220017169055,0.752981206955128,0.4800541100914656,0.7058228096314996
XGBoost,0.32431491061140233,0.8012174124835889,0.4204454300365157,0.7133991445180126,0.49455408896082675,0.6890344596879376
RandomForest,0.2758747286981717,0.8617512097345966,0.40562683477397954,0.7275436454288258,0.4968003702146474,0.6900879058321676
